kalpi,barzel,site,address,eligible,risk,risk_national,area,streets,quarter,sub_quarter,stat_area
2,963,שרות תעסוקה,המעפילים 2,571,orange,orange,בית שמש 2,"העליה, השבעה, ביאליק, האלה, המעפילים",1,12,124
3.1,965,בית הנוער ויצו,"סמ ויצ""ו 16",661,orange,orange,בית שמש 2,"אלון יגאל, העליה",1,12,123
3.2,966,בית הנוער ויצו,"סמ ויצ""ו 16",660,orange,orange,בית שמש 2,"אלון יגאל, העליה",1,12,123
4,1025,"בי""ס עתיד דביר נתיב ישיבתי",עלית הנוער 2,665,orange,orange,בית שמש 2,"בן זאב יהודה, הרצל, הנשיא, השבעה, שד בן גוריון",1,12,125
5,964,"בי""ס תפנית",בני דן 2,715,orange,orange,בית שמש 2,"העליה, השבעה, ביאליק, האלה, המעפילים",1,12,124
6,957,"בי""ס תפארת החיים",רביצקי 5,568,red,orange,בית שמש 2,"רמב""ם, העליה, הרצל, גלעד, שביל האשל",1,12,122
7,1054,בית הנוער ז'בוטינסקי,רביצקי 1,633,orange,orange,בית שמש 2,"רמב""ם, העליה, הרצל, גלעד, שביל האשל",1,12,122
8,1055,בית הנוער ז'בוטינסקי,רביצקי 1,723,orange,orange,בית שמש 2,"רמב""ם, העליה, הרצל, גלעד, שביל האשל",1,12,122
10.1,960,היכל הספורט,אבא נעמת,632,orange,orange,בית שמש 2,"רמב""ם, העליה, הרצל, גלעד, שביל האשל",1,12,122
10.2,961,היכל הספורט,אבא נעמת,632,orange,orange,בית שמש 2,"רמב""ם, העליה, הרצל, גלעד, שביל האשל",1,12,122
10.3,962,היכל הספורט,אבא נעמת,632,orange,orange,בית שמש 2,"רמב""ם, העליה, הרצל, גלעד, שביל האשל",1,12,122
11,989,"בי""ס מנוחה ונחלה",רבנו חיים הלוי 1,615,red,red,בית שמש 2,"אשכול לוי, בן זאב יהודה, שפת אמת, אור שמח, חזון איש",2,22,221
12.1,954,"בי""ס זבוטינסקי",הנורית 16,555,orange,orange,בית שמש 2,"היצירה, המלאכה, וירג'יניה, התעשיה, החרוצים",1,12,126
12.2,955,"בי""ס זבוטינסקי",הנורית 16,555,orange,orange,בית שמש 2,"היצירה, המלאכה, וירג'יניה, התעשיה, החרוצים",1,12,126
12.3,956,"בי""ס זבוטינסקי",הנורית 16,553,orange,orange,בית שמש 2,"היצירה, המלאכה, וירג'יניה, התעשיה, החרוצים",1,12,126
15,1056,מרכז קהילתי מבצע משה,הנרקיס 140,547,red,red,בית שמש 2,"הרקפת, הנרקיס, שד הדקל, הרב הרצוג, הנורית",2,21,212
16.1,971,"מתנ""ס ע""ש מאירוף",הרקפת 59,652,orange,orange,בית שמש 2,"בן זאב יהודה, שד הדקל, הרקפת, הארזים, התאנה",2,21,211
16.2,972,"מתנ""ס ע""ש מאירוף",הרקפת 59,652,orange,orange,בית שמש 2,"בן זאב יהודה, שד הדקל, הרקפת, הארזים, התאנה",2,21,211
16.3,973,"מתנ""ס ע""ש מאירוף",הרקפת 59,652,orange,orange,בית שמש 2,"בן זאב יהודה, שד הדקל, הרקפת, הארזים, התאנה",2,21,211
16.4,974,"מתנ""ס ע""ש מאירוף",הרקפת 59,650,orange,orange,בית שמש 2,"בן זאב יהודה, שד הדקל, הרקפת, הארזים, התאנה",2,21,211
18,967,"בי""ס עוזיאל",בן אליעזר 7,434,red,orange,בית שמש 2,"שד הדקל, רש""י, בן אליעזר, רזיאל דוד, אהבת ישראל",2,21,213
19.1,1105,גן ילדים בני יעקב,אור החיים 14,496,red,red,בית שמש 2,"הרב הרצוג, מעפילי אגוז, אשכול לוי, חזון איש, אור החיים",2,22,223
19.2,1106,גן ילדים בני יעקב,אור החיים 14,496,red,red,בית שמש 2,"הרב הרצוג, מעפילי אגוז, אשכול לוי, חזון איש, אור החיים",2,22,223
19.3,1107,גן ילדים בני יעקב,אור החיים 14,496,red,red,בית שמש 2,"הרב הרצוג, מעפילי אגוז, אשכול לוי, חזון איש, אור החיים",2,22,223
20,979,"בי""ס גשר",רזיאל דוד,588,orange,orange,בית שמש 2,"רש""י, בן זאב יהודה, שד הדקל, בר אילן, בן גוריון פולה",2,21,214
21,1026,"בי""ס עתיד דביר נתיב ישיבתי",עלית הנוער 2,650,orange,orange,בית שמש 2,"בן זאב יהודה, הרצל, הנשיא, השבעה, שד בן גוריון",1,12,125
22,1027,"בי""ס עתיד דביר נתיב ישיבתי",עלית הנוער 2,650,orange,orange,בית שמש 2,"בן זאב יהודה, הרצל, הנשיא, השבעה, שד בן גוריון",1,12,125
23,980,"בי""ס גשר",רזיאל דוד,522,orange,red,בית שמש 2,"רש""י, בן זאב יהודה, שד הדקל, בר אילן, בן גוריון פולה",2,21,214
24.1,1034,"בי""ס תורני ""אורות בנות""",הרב הרצוג 51,663,red,red,בית שמש 2,"הרב הרצוג, נהר הירדן, שד נהר הדן, מעפילי אגוז, דובר שלום",3,31,311
24.2,1035,"בי""ס תורני ""אורות בנות""",הרב הרצוג 51,663,red,red,בית שמש 2,"הרב הרצוג, נהר הירדן, שד נהר הדן, מעפילי אגוז, דובר שלום",3,31,311
24.3,1036,"בי""ס תורני ""אורות בנות""",הרב הרצוג 51,663,red,red,בית שמש 2,"הרב הרצוג, נהר הירדן, שד נהר הדן, מעפילי אגוז, דובר שלום",3,31,311
24.4,1037,"בי""ס תורני ""אורות בנות""",הרב הרצוג 51,663,red,red,בית שמש 2,"הרב הרצוג, נהר הירדן, שד נהר הדן, מעפילי אגוז, דובר שלום",3,31,311
24.5,1038,"בי""ס תורני ""אורות בנות""",הרב הרצוג 51,661,red,red,בית שמש 2,"הרב הרצוג, נהר הירדן, שד נהר הדן, מעפילי אגוז, דובר שלום",3,31,311
25,975,"בי""ס חיי שרה",בן זאב יהודה 3,531,red,red,בית שמש 2,"מעפילי אגוז, רש""י, בן זאב יהודה, אור שמח, חזון איש",2,22,222
26,978,"בי""ס ברנקו וייס - אשכול יסודי",הגולן 16,536,orange,orange,בית שמש 2,"אשכול לוי, דרך רבין יצחק, בן זאב יהודה, גלעד, סיני",1,12,121
27,981,"בי""ס גשר",רזיאל דוד,615,orange,orange,בית שמש 2,"רש""י, בן זאב יהודה, שד הדקל, בר אילן, בן גוריון פולה",2,21,214
28,982,"בי""ס גשר",רזיאל דוד,560,orange,yellow,בית שמש 2,"רש""י, בן זאב יהודה, שד הדקל, בר אילן, בן גוריון פולה",2,21,214
29,968,"בי""ס עוזיאל",בן אליעזר 7,554,red,yellow,בית שמש 2,"שד הדקל, רש""י, בן אליעזר, רזיאל דוד, אהבת ישראל",2,21,213
30,1033,גן שילה,נחל עין גדי 39,750,red,red,בית שמש 1,"שד נחל צאלים, נחל עין גדי, נחל הקישון, נחל ערוגות, הצדיק משטפנשט",4,41,416
31,976,"בי""ס חיי שרה",בן זאב יהודה 3,512,red,red,בית שמש 2,"מעפילי אגוז, רש""י, בן זאב יהודה, אור שמח, חזון איש",2,22,222
32,1039,מתנס פסגות השבע,דרך רבין יצחק 21,589,yellow,yellow,בית שמש 2,"אשכול לוי, דרך רבין יצחק, בן זאב יהודה, גלעד, סיני",1,12,121
33,1029,מרכז פיס לחינוך - אולם ספורט,הגולן 16 א,686,orange,orange,בית שמש 2,"אשכול לוי, דרך רבין יצחק, בן זאב יהודה, גלעד, סיני",1,12,121
34,990,"בי""ס מנוחה ונחלה",רבנו חיים הלוי 1,575,red,red,בית שמש 2,"אשכול לוי, בן זאב יהודה, שפת אמת, אור שמח, חזון איש",2,22,221
37,1009,פרחי הגפן,הגפן 32,720,orange,orange,בית שמש 2,"בן זאב יהודה, הרצל, הנשיא, השבעה, שד בן גוריון",1,12,125
38.1,1097,תלמוד תורה איילת השחר,שמואל הנביא 9,607,red,red,בית שמש 1,"ישעיהו הנביא, אליהו הנביא, דבורה הנביאה, מרים הנביאה, שמואל הנביא",4,43,432
38.2,1098,תלמוד תורה איילת השחר,שמואל הנביא 9,606,red,red,בית שמש 1,"ישעיהו הנביא, אליהו הנביא, דבורה הנביאה, מרים הנביאה, שמואל הנביא",4,43,432
40,969,"בי""ס עוזיאל",בן אליעזר 7,542,red,red,בית שמש 2,"הרב הרצוג, רש""י, מעפילי אגוז, שד הדקל, ראובן",2,21,215
41,1040,מתנס פסגות השבע,דרך רבין יצחק 21,612,yellow,yellow,בית שמש 2,"אשכול לוי, דרך רבין יצחק, בן זאב יהודה, גלעד, סיני",1,12,121
42,1057,מרכז קהילתי מבצע משה,הנרקיס 140,641,yellow,yellow,בית שמש 2,"הרקפת, הנרקיס, שד הדקל, הרב הרצוג, הנורית",2,21,212
45,983,"בי""ס גשר",רזיאל דוד,434,orange,red,בית שמש 2,"רש""י, בן זאב יהודה, שד הדקל, בר אילן, בן גוריון פולה",2,21,214
46,970,"בי""ס עוזיאל",בן אליעזר 7,508,red,red,בית שמש 2,"הרב הרצוג, רש""י, מעפילי אגוז, שד הדקל, ראובן",2,21,215
47,1103,גן ילדים ויזניץ,נהרדעא 27,708,red,red,בית שמש 1,"שד' האמוראים, תלמוד בבלי, תלמוד ירושלמי, נהרדעא, אביי",4,42,426
48,977,"בי""ס חיי שרה",בן זאב יהודה 3,516,red,red,בית שמש 2,"מעפילי אגוז, רש""י, בן זאב יהודה, אור שמח, חזון איש",2,22,222
49,1041,"בי""ס בית יעקב רמת בית שמש ג",אחיה השילוני 9,566,red,red,בית שמש 1,"יחזקאל הנביא, נריה הנביא, אליהו הנביא, חגי הנביא, זכריה הנביא",4,42,424
50.1,1030,משכנות דעת,נחל שורק 13,643,red,red,בית שמש 1,"נחל הקישון, נהר הירדן, נחל שורק, נחל אוריה, נחל מיכה",4,41,411
50.2,1031,משכנות דעת,נחל שורק 13,643,red,red,בית שמש 1,"נחל הקישון, נהר הירדן, נחל שורק, נחל אוריה, נחל מיכה",4,41,411
50.3,1032,משכנות דעת,נחל שורק 13,642,red,red,בית שמש 1,"נחל הקישון, נהר הירדן, נחל שורק, נחל אוריה, נחל מיכה",4,41,411
51.1,1016,"בי""ס - מגן הלב",נהר הירקון 40,510,red,red,בית שמש 1,"נהר הירקון, נחל איילון, נחל לוז, נחל רביבים, נחל גילה",4,41,415
51.2,1017,"בי""ס - מגן הלב",נהר הירקון 40,510,red,red,בית שמש 1,"נהר הירקון, נחל איילון, נחל לוז, נחל רביבים, נחל גילה",4,41,415
51.3,1018,"בי""ס - מגן הלב",נהר הירקון 40,508,red,red,בית שמש 1,"נהר הירקון, נחל איילון, נחל לוז, נחל רביבים, נחל גילה",4,41,415
52.1,1050,מתנס גוונים,נחל דולב 16,591,red,red,בית שמש 1,"נחל דולב, נהר הירדן, נחל רפאים, נחל שמשון, נחל קטלב",4,41,413
52.2,1051,מתנס גוונים,נחל דולב 16,591,red,red,בית שמש 1,"נחל דולב, נהר הירדן, נחל רפאים, נחל שמשון, נחל קטלב",4,41,413
52.3,1052,מתנס גוונים,נחל דולב 16,591,red,red,בית שמש 1,"נחל דולב, נהר הירדן, נחל רפאים, נחל שמשון, נחל קטלב",4,41,413
53,1019,"בי""ס תלמוד תורה - אגף בנים",נחל שורק 8,580,red,red,בית שמש 1,"נחל איילון, נחל דולב, נחל הקישון, נחל לכיש, נחל שורק",4,41,412
54,1022,אולפנה אהבת ישראל,נחל דולב 14,625,red,red,בית שמש 1,"נחל דולב, נהר הירדן, נחל רפאים, נחל שמשון, נחל קטלב",4,41,413
56.1,996,"בי""ס מורשת דליה","האדמו""ר מבעלזא 2",653,red,red,בית שמש 1,"נהר הירדן, רבי יהושע, האדמו""ר מבעלזא, תכלת מרדכי, מחזיקי הדת",3,31,313
56.2,997,"בי""ס מורשת דליה","האדמו""ר מבעלזא 2",653,red,red,בית שמש 1,"נהר הירדן, רבי יהושע, האדמו""ר מבעלזא, תכלת מרדכי, מחזיקי הדת",3,31,313
56.3,998,"בי""ס מורשת דליה","האדמו""ר מבעלזא 2",653,red,red,בית שמש 1,"נהר הירדן, רבי יהושע, האדמו""ר מבעלזא, תכלת מרדכי, מחזיקי הדת",3,31,313
56.4,999,"בי""ס מורשת דליה","האדמו""ר מבעלזא 2",653,red,red,בית שמש 1,"נהר הירדן, רבי יהושע, האדמו""ר מבעלזא, תכלת מרדכי, מחזיקי הדת",3,31,313
56.5,1000,"בי""ס מורשת דליה","האדמו""ר מבעלזא 2",653,red,red,בית שמש 1,"נהר הירדן, רבי יהושע, האדמו""ר מבעלזא, תכלת מרדכי, מחזיקי הדת",3,31,313
56.6,1001,"בי""ס מורשת דליה","האדמו""ר מבעלזא 2",648,red,red,בית שמש 1,"נהר הירדן, רבי יהושע, האדמו""ר מבעלזא, תכלת מרדכי, מחזיקי הדת",3,31,313
57,1013,"בי""ס ממד תורני הראל",נחל רפאים 17,678,red,red,בית שמש 1,"נהר הירדן, נהר הירקון, נחל איילון, נחל דולב, נחל רפאים",4,41,414
58,1007,מתחם גני ילדים,"ריב""ל 37",518,red,red,בית שמש 1,"נהר הירדן, נחל הקישון, רבי מאיר בעל הנס, רבן יוחנן בן זכאי, ריב""ל",3,32,322
59,1023,אולפנה אהבת ישראל,נחל דולב 14,696,red,red,בית שמש 1,"נחל דולב, נהר הירדן, נחל רפאים, נחל שמשון, נחל קטלב",4,41,413
61,1069,"בי""ס תיכון בית יעקב",רבי מאיר בעל הנס 6,559,red,red,בית שמש 1,"נהר הירדן, רבי מאיר בעל הנס, רשב""י, רבי אלעזר, רבי לויטס",3,32,321
63,1010,"בי""ס ויזניץ בנות",בן עזאי 12,714,red,red,בית שמש 2,"הרב הרצוג, אשכול לוי, רבי יוסי בן קיסמא, בן עזאי, עקביא בן מהללאל",2,22,224
65,1014,"בי""ס ממד תורני הראל",נחל רפאים 17,623,red,red,בית שמש 1,"נהר הירדן, נהר הירקון, נחל איילון, נחל דולב, נחל רפאים",4,41,414
66,1020,"בי""ס תלמוד תורה - אגף בנים",נחל שורק 8,565,red,red,בית שמש 1,"נחל איילון, נחל דולב, נחל הקישון, נחל לכיש, נחל שורק",4,41,412
69,1024,אולפנה אהבת ישראל,נחל דולב 14,681,red,red,בית שמש 1,"נחל דולב, נהר הירדן, נחל רפאים, נחל שמשון, נחל קטלב",4,41,413
70,1011,"בי""ס ויזניץ בנות",בן עזאי 12,761,red,red,בית שמש 2,"הרב הרצוג, אשכול לוי, רבי יוסי בן קיסמא, בן עזאי, עקביא בן מהללאל",2,22,224
71,1002,"בי""ס בית יעקב גור",רבי צדקה יהודה 10,704,red,red,בית שמש 2,"אשכול לוי, אלון יגאל, החפץ חיים, בן איש חי, חיד""א",1,11,112
72,987,"בי""ס אהבת ישראל",נחל שורק 15,702,red,red,בית שמש 1,"שד נחל צאלים, נחל עין גדי, נחל הקישון, נחל ערוגות, הצדיק משטפנשט",4,41,416
73,984,"בי""ס בית יעקב הרמה",נחל גילה 10,493,red,red,בית שמש 1,"נהר הירקון, נחל איילון, נחל לוז, נחל רביבים, נחל גילה",4,41,415
74,1070,"בי""ס תיכון בית יעקב",רבי מאיר בעל הנס 6,627,red,red,בית שמש 1,"נהר הירדן, רבי מאיר בעל הנס, רשב""י, רבי אלעזר, רבי לויטס",3,32,321
75,958,"בי""ס תפארת החיים",רביצקי 5,704,red,orange,בית שמש 2,"אשכול לוי, דרך רבין יצחק, בן זאב יהודה, גלעד, סיני",1,12,121
77,959,"בי""ס תפארת החיים",רביצקי 5,728,red,red,בית שמש 2,"אשכול לוי, אלון יגאל, החפץ חיים, בן איש חי, חיד""א",1,11,112
79,1003,"בי""ס בית יעקב גור",רבי צדקה יהודה 10,721,red,red,בית שמש 2,"בן איש חי, אשכול לוי, הרב הרצוג, קארו יוסף, החפץ חיים",1,11,113
80.1,1058,"בי""ס דרכי רחל",נחל עין גדי 56,676,red,red,בית שמש 1,"שד נחל צאלים, נחל עין גדי, נחל הקישון, נחל ערוגות, הצדיק משטפנשט",4,41,416
80.2,1059,"בי""ס דרכי רחל",נחל עין גדי 56,676,red,red,בית שמש 1,"שד נחל צאלים, נחל עין גדי, נחל הקישון, נחל ערוגות, הצדיק משטפנשט",4,41,416
80.3,1060,"בי""ס דרכי רחל",נחל עין גדי 56,676,red,red,בית שמש 1,"שד נחל צאלים, נחל עין גדי, נחל הקישון, נחל ערוגות, הצדיק משטפנשט",4,41,416
82,1004,"בי""ס בית יעקב גור",רבי צדקה יהודה 10,719,red,red,בית שמש 2,"אשכול לוי, אלון יגאל, החפץ חיים, בן איש חי, חיד""א",1,11,112
83,991,"בי""ס מנוחה ונחלה",רבנו חיים הלוי 1,659,red,red,בית שמש 2,"אשכול לוי, בן זאב יהודה, שפת אמת, אור שמח, חזון איש",2,22,221
85,1005,"בי""ס בית יעקב גור",רבי צדקה יהודה 10,621,red,red,בית שמש 2,"בן איש חי, אשכול לוי, הרב הרצוג, קארו יוסף, החפץ חיים",1,11,113
86.1,992,"ביה""ס תפארת חיה ממ""ד בנות",רבי מאיר בעל הנס 8,631,red,red,בית שמש 1,"נהר הירדן, רבי יהודה הנשיא, רבי יהושע, רבי אלעזר, מעלות הרמ""א",3,31,312
86.2,993,"ביה""ס תפארת חיה ממ""ד בנות",רבי מאיר בעל הנס 8,631,red,red,בית שמש 1,"נהר הירדן, רבי יהודה הנשיא, רבי יהושע, רבי אלעזר, מעלות הרמ""א",3,31,312
86.3,994,"ביה""ס תפארת חיה ממ""ד בנות",רבי מאיר בעל הנס 8,631,red,red,בית שמש 1,"נהר הירדן, רבי יהודה הנשיא, רבי יהושע, רבי אלעזר, מעלות הרמ""א",3,31,312
86.4,995,"ביה""ס תפארת חיה ממ""ד בנות",רבי מאיר בעל הנס 8,630,red,red,בית שמש 1,"נהר הירדן, רבי יהודה הנשיא, רבי יהושע, רבי אלעזר, מעלות הרמ""א",3,31,312
87,1048,מתחם גנים בית שתילי חינוך,יואל הנביא 16,622,red,red,בית שמש 1,"זכריה הנביא, יחזקאל הנביא, חבקוק הנביא, שד נחל צאלים, יואל הנביא",4,42,423
88,1046,גן ילדים בית יעקב,יונה בן אמיתי 4,654,red,red,בית שמש 1,"יחזקאל הנביא, נריה הנביא, אליהו הנביא, חגי הנביא, זכריה הנביא",4,42,424
89,1042,"בי""ס בית יעקב רמת בית שמש ג",אחיה השילוני 9,569,red,red,בית שמש 1,"יחזקאל הנביא, נריה הנביא, אליהו הנביא, חגי הנביא, זכריה הנביא",4,42,424
90,1043,"בי""ס בית יעקב רמת בית שמש ג",אחיה השילוני 9,650,red,red,בית שמש 1,"זכריה הנביא, יחזקאל הנביא, חבקוק הנביא, שד נחל צאלים, יואל הנביא",4,42,423
91,1085,גן חבצלת וגן ספיר,גור אריה 7,623,orange,orange,בית שמש 2,"העליה, השבעה, ביאליק, האלה, המעפילים",1,12,124
92,1015,"בי""ס ממד תורני הראל",נחל רפאים 17,655,red,red,בית שמש 1,"נהר הירדן, נהר הירקון, נחל איילון, נחל דולב, נחל רפאים",4,41,414
94,985,"בי""ס בית יעקב הרמה",נחל גילה 10,538,red,red,בית שמש 1,"נהר הירקון, נחל איילון, נחל לוז, נחל רביבים, נחל גילה",4,41,415
95,1047,גן ילדים בית יעקב,יונה בן אמיתי 4,672,red,red,בית שמש 1,"ישעיהו הנביא, אליהו הנביא, שד נחל צאלים, יונה בן אמיתי, יחזקאל הנביא",4,42,422
96,1012,"בי""ס ויזניץ בנות",בן עזאי 12,635,red,red,בית שמש 2,"הרב הרצוג, אשכול לוי, רבי יוסי בן קיסמא, בן עזאי, עקביא בן מהללאל",2,22,224
97.1,1061,סמינר בית יעקב דרך תבונות,אמרי נועם 1,392,red,red,בית שמש 1,,,,
97.2,1062,סמינר בית יעקב דרך תבונות,אמרי נועם 1,392,red,red,בית שמש 1,,,,
98,1073,מעון קינדרלך,מרים הנביאה 15,718,red,red,בית שמש 1,"ישעיהו הנביא, אליהו הנביא, דבורה הנביאה, מרים הנביאה, שמואל הנביא",4,43,432
101,1076,"בי""ס נצח ישראל בנות",הרב קוק 7,681,red,red,בית שמש 1,"הנצ""יב, נהר הירדן, הרב קוק, נהר הירקון, נחל קדרון",4,43,435
102,1071,"בי""ס תיכון בית יעקב",רבי מאיר בעל הנס 6,580,red,red,בית שמש 1,"נהר הירדן, נחל הקישון, רבי מאיר בעל הנס, רבן יוחנן בן זכאי, ריב""ל",3,32,322
105,1053,מתחם גנים בנות יעקב - הינדא,אלישע הנביא 17,674,red,red,בית שמש 1,"ישעיהו הנביא, אליהו הנביא, שד נחל צאלים, יונה בן אמיתי, יחזקאל הנביא",4,42,422
106.1,1078,גן ילדים בעל הסולם,בעל הסולם 3,681,red,red,בית שמש 1,,3,32,323
106.2,1079,גן ילדים בעל הסולם,בעל הסולם 3,680,red,red,בית שמש 1,,3,32,323
107,1028,"בי""ס עתיד דביר נתיב ישיבתי",עלית הנוער 2,641,orange,orange,בית שמש 2,"אשכול לוי, דרך רבין יצחק, בן זאב יהודה, גלעד, סיני",1,12,121
108,988,"בי""ס אהבת ישראל",נחל שורק 15,707,red,red,בית שמש 1,"נחל הקישון, נהר הירדן, נחל שורק, נחל אוריה, נחל מיכה",4,41,411
109,1074,מעון קינדרלך,מרים הנביאה 15,682,red,red,בית שמש 1,"ישעיהו הנביא, אליהו הנביא, דבורה הנביאה, מרים הנביאה, שמואל הנביא",4,43,432
110,1044,"בי""ס בית יעקב רמת בית שמש ג",אחיה השילוני 9,603,red,red,בית שמש 1,"יחזקאל הנביא, נריה הנביא, אליהו הנביא, חגי הנביא, זכריה הנביא",4,42,424
111,1067,גן ילדים שכ רמת אברהם,הרב איידלשטיין 8,593,red,red,בית שמש 1,"הרב ישראל גרוסמן, הרב איידלשטיין",4,41,417
112.1,1086,מרכז קהילתי דורות רמה ד',שד' האמוראים 29,738,red,red,בית שמש 1,"שד' האמוראים, תלמוד בבלי, תלמוד ירושלמי, נהרדעא, אביי",4,42,426
112.2,1087,מרכז קהילתי דורות רמה ד',שד' האמוראים 29,738,red,red,בית שמש 1,"שד' האמוראים, תלמוד בבלי, תלמוד ירושלמי, נהרדעא, אביי",4,42,426
112.3,1088,מרכז קהילתי דורות רמה ד',שד' האמוראים 29,738,red,red,בית שמש 1,"שד' האמוראים, תלמוד בבלי, תלמוד ירושלמי, נהרדעא, אביי",4,42,426
112.4,1089,מרכז קהילתי דורות רמה ד',שד' האמוראים 29,738,red,red,בית שמש 1,"שד' האמוראים, תלמוד בבלי, תלמוד ירושלמי, נהרדעא, אביי",4,42,426
112.5,1090,מרכז קהילתי דורות רמה ד',שד' האמוראים 29,738,red,red,בית שמש 1,"שד' האמוראים, תלמוד בבלי, תלמוד ירושלמי, נהרדעא, אביי",4,42,426
112.6,1091,מרכז קהילתי דורות רמה ד',שד' האמוראים 29,738,red,red,בית שמש 1,"שד' האמוראים, תלמוד בבלי, תלמוד ירושלמי, נהרדעא, אביי",4,42,426
112.7,1092,מרכז קהילתי דורות רמה ד',שד' האמוראים 29,733,red,red,בית שמש 1,"שד' האמוראים, תלמוד בבלי, תלמוד ירושלמי, נהרדעא, אביי",4,42,426
113,1096,"בי""ס בית יעקב רמה ד",רבינא 6,652,red,red,בית שמש 1,"שד' האמוראים, תלמוד בבלי, תלמוד ירושלמי, נהרדעא, אביי",4,42,426
114,1075,מעון קינדרלך,מרים הנביאה 15,728,red,red,בית שמש 1,"ישעיהו הנביא, אליהו הנביא, דבורה הנביאה, מרים הנביאה, שמואל הנביא",4,43,432
116,1049,מתחם גנים בית שתילי חינוך,יואל הנביא 16,650,red,red,בית שמש 1,"זכריה הנביא, יחזקאל הנביא, חבקוק הנביא, שד נחל צאלים, יואל הנביא",4,42,423
117,1077,"בי""ס נצח ישראל בנות",הרב קוק 7,630,red,red,בית שמש 1,"הנצ""יב, נהר הירדן, הרב קוק, נהר הירקון, נחל קדרון",4,43,435
118,1093,גן חבד,רב המנונא,626,red,red,בית שמש 1,"שד' האמוראים, ריש לקיש, רב חנן, אביי, רב המנונא",4,42,427
120,1006,"בי""ס בית יעקב גור",רבי צדקה יהודה 10,783,red,red,בית שמש 2,"בן איש חי, אשכול לוי, הרב הרצוג, קארו יוסף, החפץ חיים",1,11,113
121,1064,רשת בנות מלך,אביי 21,579,red,red,בית שמש 1,"שד' האמוראים, תלמוד בבלי, תלמוד ירושלמי, נהרדעא, אביי",4,42,426
122,1108,"בי""ס איילת השחר",רב חנן 1,576,red,red,בית שמש 1,"שד' האמוראים, ריש לקיש, רב חנן, אביי, רב המנונא",4,42,427
123,1068,גן ילדים שכ רמת אברהם,הרב איידלשטיין 8,677,red,red,בית שמש 1,"הרב ישראל גרוסמן, הרב איידלשטיין",4,41,417
124,1094,גן חבד,רב המנונא,616,red,red,בית שמש 1,"שד' האמוראים, ריש לקיש, רב חנן, אביי, רב המנונא",4,42,427
125,1065,רשת בנות מלך,אביי 21,569,red,red,בית שמש 1,"שד' האמוראים, תלמוד בבלי, תלמוד ירושלמי, נהרדעא, אביי",4,42,426
127,1008,מתחם גני ילדים,"ריב""ל 37",594,red,red,בית שמש 1,"נהר הירדן, נחל הקישון, רבי מאיר בעל הנס, רבן יוחנן בן זכאי, ריב""ל",3,32,322
128,1104,גן ילדים ויזניץ,נהרדעא 27,637,red,red,בית שמש 1,"שד' האמוראים, תלמוד בבלי, תלמוד ירושלמי, נהרדעא, אביי",4,42,426
129,1063,גן ילדים עץ הדעת,מר עוקבא 16,567,red,red,בית שמש 1,"שד' האמוראים, ריש לקיש, רב חנן, אביי, רב המנונא",4,42,427
134,1099,גן ילדים בית יעקב (קרוואנים),רבי ברכיה 3,604,red,red,בית שמש 1,"שד' האמוראים, תלמוד ירושלמי",4,42,428
137,1095,גן חבד,רב המנונא,647,red,red,בית שמש 1,"שד' האמוראים, ריש לקיש, רב חנן, אביי, רב המנונא",4,42,427
140,1100,גן ילדים בית יעקב (קרוואנים),רבי ברכיה 3,771,red,red,בית שמש 1,"שד' האמוראים, תלמוד ירושלמי",4,42,428
141,1101,מעון בית ראזנבערג,נהרדעא 10,522,red,red,בית שמש 1,"שד' האמוראים, תלמוד בבלי, תלמוד ירושלמי, נהרדעא, אביי",4,42,426
146,1109,"בי""ס איילת השחר",רב חנן 1,546,red,red,בית שמש 1,"שד' האמוראים, ריש לקיש, רב חנן, אביי, רב המנונא",4,42,427
147.1,1080,"בית הספר ""צבר""",האחים 3,627,red,red,בית שמש 1,"נהר הירקון, אביב, העונות, אלול, תמוז",4,43,434
147.2,1081,"בית הספר ""צבר""",האחים 3,627,red,red,בית שמש 1,"נהר הירקון, אביב, העונות, אלול, תמוז",4,43,434
147.3,1082,"בית הספר ""צבר""",האחים 3,627,red,red,בית שמש 1,"נהר הירקון, אביב, העונות, אלול, תמוז",4,43,434
147.4,1083,"בית הספר ""צבר""",האחים 3,627,red,red,בית שמש 1,"נהר הירקון, אביב, העונות, אלול, תמוז",4,43,434
147.5,1084,"בית הספר ""צבר""",האחים 3,626,red,red,בית שמש 1,"נהר הירקון, אביב, העונות, אלול, תמוז",4,43,434
151,1045,"בי""ס בית יעקב רמת בית שמש ג",אחיה השילוני 9,565,red,red,בית שמש 1,"יחזקאל הנביא, נריה הנביא, אליהו הנביא, חגי הנביא, זכריה הנביא",4,42,424
153,1021,"בי""ס תלמוד תורה - אגף בנים",נחל שורק 8,637,red,red,בית שמש 1,"נחל איילון, נחל דולב, נחל הקישון, נחל לכיש, נחל שורק",4,41,412
154,1072,"בי""ס תיכון בית יעקב",רבי מאיר בעל הנס 6,516,red,red,בית שמש 1,"נהר הירדן, נחל הקישון, רבי מאיר בעל הנס, רבן יוחנן בן זכאי, ריב""ל",3,32,322
155,1066,רשת בנות מלך,אביי 21,558,red,red,בית שמש 1,"שד' האמוראים, תלמוד בבלי, תלמוד ירושלמי, נהרדעא, אביי",4,42,426
157,1102,מעון בית ראזנבערג,נהרדעא 10,372,red,red,בית שמש 1,"שד' האמוראים, תלמוד בבלי, תלמוד ירושלמי, נהרדעא, אביי",4,42,426
158,986,"בי""ס בית יעקב הרמה",נחל גילה 10,658,red,red,בית שמש 1,"נהר הירקון, נחל איילון, נחל לוז, נחל רביבים, נחל גילה",4,41,415
